{
  "descriptor": "silvereye_static",
  "mach_number": [
    0.01,
    0.06210526315789474,
    0.11421052631578947,
    0.16631578947368419,
    0.21842105263157896,
    0.27052631578947373,
    0.32263157894736838,
    0.37473684210526315,
    0.42684210526315791,
    0.47894736842105262,
    0.53105263157894744,
    0.5831578947368421,
    0.63526315789473675,
    0.68736842105263152,
    0.73947368421052628,
    0.791578947368421,
    0.84368421052631581,
    0.89578947368421047,
    0.94789473684210523,
    1
  ],
  "angle_of_attack": [
    0,
    0.017453292519943295,
    0.034906585039886591,
    0.05235987755982989,
    0.069813170079773182,
    0.087266462599716474
  ],
  "c_L": [
    0,
    0,
    0,
    0,
    0,
    0,
    0,
    0,
    0,
    0,
    0,
    0,
    0,
    0,
    0,
    0,
    0,
    0,
    0,
    0,
    0.1924,
    0.1924,
    0.1922,
    0.1919,
    0.1915,
    0.191,
    0.1907,
    0.1903,
    0.1897,
    0.19,
    0.1897,
    0.1893,
    0.1902,
    0.1918,
    0.1938,
    0.1961,
    0.1989,
    0.2026,
    0.2092,
    0.2173,
    0.3976,
    0.3975,
    0.3972,
    0.3967,
    0.3959,
    0.395,
    0.3945,
    0.3937,
    0.3927,
    0.3934,
    0.393,
    0.3924,
    0.394,
    0.397,
    0.4006,
    0.405,
    0.4105,
    0.4177,
    0.4308,
    0.4478,
    0.6175,
    0.6175,
    0.6171,
    0.6164,
    0.6155,
    0.6143,
    0.6136,
    0.6128,
    0.6115,
    0.6127,
    0.6124,
    0.6117,
    0.614,
    0.6181,
    0.623,
    0.6291,
    0.6369,
    0.6474,
    0.667,
    0.6933,
    0.8503,
    0.8503,
    0.8499,
    0.8492,
    0.8482,
    0.8469,
    0.8463,
    0.8454,
    0.8441,
    0.8459,
    0.8459,
    0.8454,
    0.8482,
    0.8531,
    0.8592,
    0.8667,
    0.8765,
    0.89,
    0.9161,
    0.9524,
    1.0886,
    1.0887,
    1.0884,
    1.0877,
    1.0868,
    1.0855,
    1.085,
    1.0843,
    1.0831,
    1.0856,
    1.0862,
    1.0861,
    1.0892,
    1.0947,
    1.1015,
    1.1102,
    1.1218,
    1.1378,
    1.1703,
    1.217
  ],
  "c_m": [
    0,
    0,
    0,
    0,
    0,
    0,
    0,
    0,
    0,
    0,
    0,
    0,
    0,
    0,
    0,
    0,
    0,
    0,
    0,
    0,
    -0.7814,
    -0.7809,
    -0.7797,
    -0.7777,
    -0.775,
    -0.7716,
    -0.7694,
    -0.7665,
    -0.7625,
    -0.7644,
    -0.7624,
    -0.7596,
    -0.7653,
    -0.7763,
    -0.7893,
    -0.8048,
    -0.8255,
    -0.8432,
    -0.8932,
    -0.9676,
    -1.5929,
    -1.5921,
    -1.5897,
    -1.586,
    -1.581,
    -1.5746,
    -1.5706,
    -1.5654,
    -1.5584,
    -1.5625,
    -1.5594,
    -1.5546,
    -1.5653,
    -1.5855,
    -1.6096,
    -1.639,
    -1.6788,
    -1.7124,
    -1.8107,
    -1.957,
    -2.4496,
    -2.4485,
    -2.4452,
    -2.4401,
    -2.4333,
    -2.4247,
    -2.4196,
    -2.413,
    -2.4039,
    -2.4109,
    -2.4079,
    -2.4025,
    -2.4167,
    -2.4436,
    -2.4764,
    -2.5171,
    -2.5735,
    -2.6206,
    -2.7641,
    -2.9788,
    -3.339,
    -3.3376,
    -3.3336,
    -3.3274,
    -3.3192,
    -3.309,
    -3.3033,
    -3.2959,
    -3.2856,
    -3.2959,
    -3.2942,
    -3.2892,
    -3.306,
    -3.3373,
    -3.3766,
    -3.4264,
    -3.4972,
    -3.5557,
    -3.7415,
    -4.0212,
    -4.2118,
    -4.2101,
    -4.2053,
    -4.1982,
    -4.1889,
    -4.1774,
    -4.1715,
    -4.164,
    -4.1533,
    -4.1671,
    -4.1673,
    -4.1634,
    -4.1815,
    -4.2149,
    -4.2582,
    -4.3146,
    -4.397,
    -4.464,
    -4.6883,
    -5.028
  ],
  "c_l": [
    0,
    0,
    0,
    0,
    0,
    0,
    0,
    0,
    0,
    0,
    0,
    0,
    0,
    0,
    0,
    0,
    0,
    0,
    0,
    0,
    0,
    0,
    0,
    0,
    0,
    0,
    0,
    0,
    0,
    0,
    0,
    0,
    0,
    0,
    0,
    0,
    0,
    0,
    0,
    0,
    0,
    0,
    0,
    0,
    0,
    0,
    0,
    0,
    0,
    0,
    0,
    0,
    0,
    0,
    0,
    0,
    0,
    0,
    0,
    0,
    0,
    0,
    0,
    0,
    0,
    0,
    0,
    0,
    0,
    0,
    0,
    0,
    0,
    0,
    0,
    0,
    0,
    0,
    0,
    0,
    0,
    0,
    0,
    0,
    0,
    0,
    0,
    0,
    0,
    0,
    0,
    0,
    0,
    0,
    0,
    0,
    0,
    0,
    0,
    0,
    0,
    0,
    0,
    0,
    0,
    0,
    0,
    0,
    0,
    0,
    0,
    0,
    0,
    0,
    0,
    0,
    0,
    0,
    0,
    0
  ],
  "c_d": [
    0.5634,
    0.4365,
    0.406,
    0.3893,
    0.378,
    0.3695,
    0.3628,
    0.3572,
    0.3525,
    0.3484,
    0.3444,
    0.3407,
    0.3375,
    0.335,
    0.3332,
    0.3321,
    0.3335,
    0.3364,
    0.3652,
    0.3986,
    0.5634,
    0.4364,
    0.4057,
    0.3889,
    0.3774,
    0.3688,
    0.362,
    0.3564,
    0.3517,
    0.3475,
    0.3435,
    0.3398,
    0.3366,
    0.3341,
    0.3322,
    0.3312,
    0.3334,
    0.3363,
    0.3651,
    0.3987,
    0.563,
    0.4357,
    0.4046,
    0.3873,
    0.3754,
    0.3664,
    0.3594,
    0.3537,
    0.3489,
    0.3446,
    0.3406,
    0.3368,
    0.3336,
    0.331,
    0.3291,
    0.328,
    0.3331,
    0.336,
    0.3647,
    0.3987,
    0.5626,
    0.4348,
    0.4029,
    0.3848,
    0.3721,
    0.3623,
    0.355,
    0.3492,
    0.3442,
    0.3398,
    0.3356,
    0.3317,
    0.3284,
    0.3257,
    0.3237,
    0.3226,
    0.3326,
    0.3355,
    0.3641,
    0.3986,
    0.5623,
    0.4338,
    0.4007,
    0.3814,
    0.3676,
    0.3566,
    0.3488,
    0.3428,
    0.3376,
    0.3331,
    0.3287,
    0.3246,
    0.3211,
    0.3184,
    0.3163,
    0.315,
    0.3323,
    0.3351,
    0.3636,
    0.3983,
    0.5622,
    0.4328,
    0.3983,
    0.3775,
    0.3622,
    0.3497,
    0.3414,
    0.3351,
    0.3297,
    0.3248,
    0.3202,
    0.3159,
    0.3122,
    0.3094,
    0.3072,
    0.3058,
    0.3322,
    0.3348,
    0.3631,
    0.3979
  ],
  "c_y": [
    0,
    0,
    0,
    0,
    0,
    0,
    0,
    0,
    0,
    0,
    0,
    0,
    0,
    0,
    0,
    0,
    0,
    0,
    0,
    0,
    0,
    0,
    0,
    0,
    0,
    0,
    0,
    0,
    0,
    0,
    0,
    0,
    0,
    0,
    0,
    0,
    0,
    0,
    0,
    0,
    0,
    0,
    0,
    0,
    0,
    0,
    0,
    0,
    0,
    0,
    0,
    0,
    0,
    0,
    0,
    0,
    0,
    0,
    0,
    0,
    0,
    0,
    0,
    0,
    0,
    0,
    0,
    0,
    0,
    0,
    0,
    0,
    0,
    0,
    0,
    0,
    0,
    0,
    0,
    0,
    0,
    0,
    0,
    0,
    0,
    0,
    0,
    0,
    0,
    0,
    0,
    0,
    0,
    0,
    0,
    0,
    0,
    0,
    0,
    0,
    0,
    0,
    0,
    0,
    0,
    0,
    0,
    0,
    0,
    0,
    0,
    0,
    0,
    0,
    0,
    0,
    0,
    0,
    0,
    0
  ],
  "c_n": [
    0,
    0,
    0,
    0,
    0,
    0,
    0,
    0,
    0,
    0,
    0,
    0,
    0,
    0,
    0,
    0,
    0,
    0,
    0,
    0,
    0,
    0,
    0,
    0,
    0,
    0,
    0,
    0,
    0,
    0,
    0,
    0,
    0,
    0,
    0,
    0,
    0,
    0,
    0,
    0,
    0,
    0,
    0,
    0,
    0,
    0,
    0,
    0,
    0,
    0,
    0,
    0,
    0,
    0,
    0,
    0,
    0,
    0,
    0,
    0,
    0,
    0,
    0,
    0,
    0,
    0,
    0,
    0,
    0,
    0,
    0,
    0,
    0,
    0,
    0,
    0,
    0,
    0,
    0,
    0,
    0,
    0,
    0,
    0,
    0,
    0,
    0,
    0,
    0,
    0,
    0,
    0,
    0,
    0,
    0,
    0,
    0,
    0,
    0,
    0,
    0,
    0,
    0,
    0,
    0,
    0,
    0,
    0,
    0,
    0,
    0,
    0,
    0,
    0,
    0,
    0,
    0,
    0,
    0,
    0
  ]
}