{
  "descriptor": "silvereye_static",
  "mach_number": [
    0,
    0.1,
    0.2,
    0.3,
    0.4,
    0.5,
    0.6,
    0.7,
    0.8
  ],
  "angle_of_attack": [
    -0.087266462599716474,
    -0.069813170079773182,
    -0.05235987755982989,
    -0.034906585039886591,
    -0.017453292519943295,
    0,
    0.017453292519943295,
    0.034906585039886591,
    0.05235987755982989,
    0.069813170079773182,
    0.087266462599716474
  ],
  "c_L": [
    0,
    0.861758803,
    0.862854353,
    0.880786649,
    0.895146006,
    0.897229562,
    0.915075366,
    0.940687464,
    0.21218940714285581,
    0,
    0.68401809,
    0.680671255,
    0.700346535,
    0.52445106,
    0.708500806,
    0.722190968,
    0.742088194,
    0.240597065928571,
    0,
    0.503037829,
    0.50108311,
    0.52315019,
    0.338284704,
    0.523179766,
    0.532889362,
    0.5475845,
    0.19440949535714255,
    0,
    0.328365701,
    0.322524224,
    0.318992913,
    0.338284704,
    0.341976618,
    0.347935805,
    0.35737273,
    0.099829736714285425,
    0,
    0.158797125,
    0.155747075,
    0.167357332,
    0.170534179,
    0.17030058,
    0.172892071,
    0.17685197,
    0.045649122785714147,
    0,
    0.000780666,
    8.17737E-5,
    -0.000310404,
    6.74278E-5,
    6.35942E-5,
    9.45141E-5,
    0.000271464,
    0.00021970090000000191,
    0,
    -0.159105118,
    -0.157721594,
    -0.181371909,
    -0.167455289,
    -0.172631507,
    -0.171791418,
    -0.179061395,
    -0.03238152178571415,
    0,
    -0.33389814,
    -0.329014003,
    -0.354554733,
    -0.34132476,
    -0.349674803,
    -0.355358793,
    -0.365848404,
    -0.0799255159285709,
    0,
    -0.514306115,
    -0.513429196,
    -0.534884813,
    -0.524848725,
    -0.536461019,
    -0.547164875,
    -0.56379416,
    -0.12645208221428544,
    0,
    -0.701676151,
    -0.70102375,
    -0.71876111,
    -0.730151201,
    -0.729215403,
    -0.745931561,
    -0.769366095,
    -0.1730235527857136,
    0,
    -0.908656351,
    -0.894659745,
    -0.910485232,
    -0.924455447,
    -0.930288644,
    -0.952226334,
    -0.983366839,
    -0.22731070085714158
  ],
  "c_m": [
    0,
    2.629811313,
    2.953984373,
    3.066640297,
    3.151712652,
    3.203878013,
    3.329754323,
    3.507420961,
    1.1598065209999968,
    0,
    2.608778352,
    2.339227212,
    2.446795738,
    1.844091529,
    2.531734352,
    2.62836434,
    2.766586108,
    1.0502889447142847,
    0,
    2.569903096,
    1.719753218,
    1.828386136,
    1.175941138,
    1.862126867,
    1.930517996,
    2.032368558,
    0.68111420107142862,
    0,
    2.541895445,
    1.10195595,
    1.106010289,
    1.175941138,
    1.204569232,
    1.246346442,
    1.311146103,
    0.14345474835714378,
    0,
    2.516601779,
    0.531424982,
    0.577289183,
    0.594340005,
    0.600059316,
    0.61834123,
    0.645463183,
    -0.21381156735714035,
    0,
    2.535858011,
    -0.000709053,
    -0.000501685,
    -0.000153837,
    -0.00010273,
    0.000179467,
    0.001487471,
    -0.54205033635713884,
    0,
    2.50990321,
    -0.544090077,
    -0.639339756,
    -0.590454972,
    -0.613703673,
    -0.61844382,
    -0.659742752,
    -0.80884433785713628,
    0,
    2.537363064,
    -1.141872436,
    -1.253411128,
    -1.208116706,
    -1.25059859,
    -1.292691432,
    -1.364344983,
    -1.1727655298571353,
    0,
    2.562940074,
    -1.796050927,
    -1.900480897,
    -1.877397252,
    -1.943549399,
    -2.019845759,
    -2.133723596,
    -1.5716276453571338,
    0,
    2.591969983,
    -2.465210223,
    -2.563745823,
    -2.629583889,
    -2.664155714,
    -2.77836174,
    -2.938667819,
    -1.9843572331428463,
    0,
    2.642368977,
    -3.157836037,
    -3.258434515,
    -3.343310462,
    -3.417075704,
    -3.567453704,
    -3.779898044,
    -2.44790096485713
  ],
  "c_l": [
    0,
    -8.1114E-6,
    0.00030265,
    0.000389981,
    0.00041573,
    0.00042512,
    0.000432922,
    0.000491584,
    0.00029898329999999924,
    0,
    -6.6669E-5,
    0.000138199,
    0.000199255,
    0.000101037,
    0.000219641,
    0.000225766,
    0.000231604,
    0.00023683607142857096,
    0,
    -0.000105559,
    4.04181E-5,
    9.14076E-5,
    3.01785E-5,
    0.00011769,
    0.000109069,
    7.65604E-5,
    0.00016877204999999978,
    0,
    -8.8892E-5,
    8.87531E-6,
    1.3399E-5,
    3.01785E-5,
    6.97989E-7,
    2.98785E-5,
    -6.01723E-6,
    4.5628143785714107E-5,
    0,
    -0.00014445,
    -8.61141E-5,
    -7.10742E-5,
    -6.59391E-5,
    -6.43951E-5,
    -5.93455E-5,
    -5.53349E-5,
    4.1145421428571409E-5,
    0,
    -0.00014445,
    -9.86146E-5,
    -8.83792E-5,
    -8.44299E-5,
    -7.858E-5,
    -7.54875E-5,
    -6.40658E-5,
    3.5501278571428563E-5,
    0,
    -0.000150005,
    -8.47252E-5,
    -8.4671E-5,
    -8.09411E-5,
    -7.52026E-5,
    -7.23224E-5,
    -6.57176E-5,
    2.8897699999999993E-5,
    0,
    -7.77805E-5,
    -6.52801E-5,
    -6.18036E-5,
    -3.03529E-5,
    -2.18403E-5,
    -8.70401E-6,
    -4.6604E-5,
    0.00010623520214285729,
    0,
    -7.77805E-5,
    -4.16681E-5,
    -5.0679E-5,
    -5.44259E-5,
    -4.72831E-5,
    -4.58939E-5,
    -4.05868E-5,
    4.0197857142857039E-6,
    0,
    7.38915E-6,
    1.61117E-5,
    1.89737E-5,
    2.5015E-5,
    3.40663E-5,
    2.93721E-5,
    2.1898E-5,
    3.245287499999998E-5,
    0,
    0.000105559,
    0.000100837,
    0.000111247,
    0.000152811,
    0.000205884,
    0.000191915,
    0.000314241,
    0.00021036992857142856
  ],
  "c_d": [
    0,
    -0.412880376,
    -0.384598536,
    -0.37423237,
    -0.370474149,
    -0.360548314,
    -0.356702464,
    -0.355434603,
    0.0020038308571431462,
    0,
    -0.409578201,
    -0.380327114,
    -0.372297946,
    -0.364363254,
    -0.35766837,
    -0.353673241,
    -0.351892884,
    0.00094511685714315785,
    0,
    -0.403474786,
    -0.37595451,
    -0.370739811,
    -0.358916395,
    -0.355514157,
    -0.351451016,
    -0.349619294,
    -0.0021054614999996557,
    0,
    -0.399077585,
    -0.368708923,
    -0.352013264,
    -0.358916395,
    -0.352223802,
    -0.348220788,
    -0.346894838,
    -0.016917103142856729,
    0,
    -0.395106479,
    -0.364823255,
    -0.363747805,
    -0.358455794,
    -0.350166376,
    -0.345966015,
    -0.343901419,
    -0.0055830979285712706,
    0,
    -0.398129708,
    -0.358407835,
    -0.362493865,
    -0.35484011,
    -0.349092699,
    -0.344745331,
    -0.34235803,
    -0.0097093200714280653,
    0,
    -0.394054804,
    -0.365364706,
    -0.364906073,
    -0.355866863,
    -0.34890531,
    -0.344545072,
    -0.344304308,
    -0.0021288487142854667,
    0,
    -0.398366001,
    -0.369397567,
    -0.36758308,
    -0.35817332,
    -0.352922737,
    -0.34899971,
    -0.347134904,
    -0.0053530863571426279,
    0,
    -0.402381592,
    -0.37657599,
    -0.371397104,
    -0.361492617,
    -0.355488351,
    -0.352495541,
    -0.350749421,
    -0.0021854605714282382,
    0,
    -0.406939287,
    -0.380104253,
    -0.371973569,
    -0.368438553,
    -0.357782903,
    -0.35427675,
    -0.352679398,
    0.00045187278571467981,
    0,
    -0.414851929,
    -0.381550885,
    -0.371543137,
    -0.368398458,
    -0.358782947,
    -0.355496192,
    -0.354297067,
    4.6150071429024164E-5
  ],
  "c_y": [
    0,
    0,
    0,
    0,
    0,
    0,
    0,
    0,
    0,
    0,
    0,
    0,
    0,
    0,
    0,
    0,
    0,
    0,
    0,
    0,
    0,
    0,
    0,
    0,
    0,
    0,
    0,
    0,
    0,
    0,
    0,
    0,
    0,
    0,
    0,
    0,
    0,
    0,
    0,
    0,
    0,
    0,
    0,
    0,
    0,
    0,
    0,
    0,
    0,
    0,
    0,
    0,
    0,
    0,
    0,
    0,
    0,
    0,
    0,
    0,
    0,
    0,
    0,
    0,
    0,
    0,
    0,
    0,
    0,
    0,
    0,
    0,
    0,
    0,
    0,
    0,
    0,
    0,
    0,
    0,
    0,
    0,
    0,
    0,
    0,
    0,
    0,
    0,
    0,
    0,
    0,
    0,
    0,
    0,
    0,
    0,
    0,
    0,
    0
  ],